{"0":[1010.0,999.9,989.901,980.00199,970.2019701,960.499950399,950.894950895,941.3860013861,950.7998613999,960.3078600139],"1":[990.0,980.1,970.299,960.59601,970.2019701,979.903989801,970.104949903,960.403900404,970.007939408,960.3078600139],"2":[990.0,980.1,989.901,999.80001,989.8020099,979.903989801,989.703029699,979.805999402,989.604059396,999.50009999]}